Date,OC Tests per 100k,SD Tests per 100k,OC Cases per 100k,SD Cases per 100k,(Blank),SD Tests 7d,OC Tests 7d,SD/OC Tests Diff,SD Cases 7d,OC Cases 7d,SD/OC Cases Diff,SD Case Pos Rate 7d,OC Case Pos Rate 7d,SD/OC Case Pos Diff
2020-10-31,285.3,284.3,5.1,10.5,(Blank),SD Tests 7d,OC Tests 7d,SD/OC Tests Diff,SD Cases 7d,OC Cases 7d,SD/OC Cases Diff,SD Case Pos Rate 7d,OC Case Pos Rate 7d,SD/OC Case Pos Diff
2020-10-30,331.1,385.8,8.6,11.4,(Blank),SD Tests 7d,OC Tests 7d,SD/OC Tests Diff,SD Cases 7d,OC Cases 7d,SD/OC Cases Diff,SD Case Pos Rate 7d,OC Case Pos Rate 7d,SD/OC Case Pos Diff
2020-10-29,223.1,449.7,7.1,14.1,(Blank),SD Tests 7d,OC Tests 7d,SD/OC Tests Diff,SD Cases 7d,OC Cases 7d,SD/OC Cases Diff,SD Case Pos Rate 7d,OC Case Pos Rate 7d,SD/OC Case Pos Diff
2020-10-28,282.5,399.5,7.2,10.7,(Blank),SD Tests 7d,OC Tests 7d,SD/OC Tests Diff,SD Cases 7d,OC Cases 7d,SD/OC Cases Diff,SD Case Pos Rate 7d,OC Case Pos Rate 7d,SD/OC Case Pos Diff
2020-10-27,220.0,333.0,7.9,9.9,(Blank),SD Tests 7d,OC Tests 7d,SD/OC Tests Diff,SD Cases 7d,OC Cases 7d,SD/OC Cases Diff,SD Case Pos Rate 7d,OC Case Pos Rate 7d,SD/OC Case Pos Diff
2020-10-26,260.7,313.2,4.7,8.1,(Blank),SD Tests 7d,OC Tests 7d,SD/OC Tests Diff,SD Cases 7d,OC Cases 7d,SD/OC Cases Diff,SD Case Pos Rate 7d,OC Case Pos Rate 7d,SD/OC Case Pos Diff
2020-10-25,170.6,234.5,7.7,10.7,(Blank),SD Tests 7d,OC Tests 7d,SD/OC Tests Diff,SD Cases 7d,OC Cases 7d,SD/OC Cases Diff,SD Case Pos Rate 7d,OC Case Pos Rate 7d,SD/OC Case Pos Diff
2020-10-24,194.3,324.1,9.8,8.1,(Blank),SD Tests 7d,OC Tests 7d,SD/OC Tests Diff,SD Cases 7d,OC Cases 7d,SD/OC Cases Diff,SD Case Pos Rate 7d,OC Case Pos Rate 7d,SD/OC Case Pos Diff
2020-10-23,313.2,323.0,5.0,11.6,(Blank),SD Tests 7d,OC Tests 7d,SD/OC Tests Diff,SD Cases 7d,OC Cases 7d,SD/OC Cases Diff,SD Case Pos Rate 7d,OC Case Pos Rate 7d,SD/OC Case Pos Diff
2020-10-22,376.6,400.2,6.6,12.9,(Blank),SD Tests 7d,OC Tests 7d,SD/OC Tests Diff,SD Cases 7d,OC Cases 7d,SD/OC Cases Diff,SD Case Pos Rate 7d,OC Case Pos Rate 7d,SD/OC Case Pos Diff
2020-10-21,210.9,588.3,8.1,7.0,(Blank),SD Tests 7d,OC Tests 7d,SD/OC Tests Diff,SD Cases 7d,OC Cases 7d,SD/OC Cases Diff,SD Case Pos Rate 7d,OC Case Pos Rate 7d,SD/OC Case Pos Diff
2020-10-20,469.4,313.0,9.4,7.9,(Blank),SD Tests 7d,OC Tests 7d,SD/OC Tests Diff,SD Cases 7d,OC Cases 7d,SD/OC Cases Diff,SD Case Pos Rate 7d,OC Case Pos Rate 7d,SD/OC Case Pos Diff
2020-10-19,318.7,265.1,6.3,7.9,(Blank),SD Tests 7d,OC Tests 7d,SD/OC Tests Diff,SD Cases 7d,OC Cases 7d,SD/OC Cases Diff,SD Case Pos Rate 7d,OC Case Pos Rate 7d,SD/OC Case Pos Diff
2020-10-18,214.3,265.1,6.1,11.4,(Blank),SD Tests 7d,OC Tests 7d,SD/OC Tests Diff,SD Cases 7d,OC Cases 7d,SD/OC Cases Diff,SD Case Pos Rate 7d,OC Case Pos Rate 7d,SD/OC Case Pos Diff
2020-10-17,294.5,581.8,2.6,11.2,(Blank),SD Tests 7d,OC Tests 7d,SD/OC Tests Diff,SD Cases 7d,OC Cases 7d,SD/OC Cases Diff,SD Case Pos Rate 7d,OC Case Pos Rate 7d,SD/OC Case Pos Diff
2020-10-16,270.7,581.8,4.7,6.0,(Blank),SD Tests 7d,OC Tests 7d,SD/OC Tests Diff,SD Cases 7d,OC Cases 7d,SD/OC Cases Diff,SD Case Pos Rate 7d,OC Case Pos Rate 7d,SD/OC Case Pos Diff
2020-10-15,165.6,201.4,4.7,9.3,(Blank),SD Tests 7d,OC Tests 7d,SD/OC Tests Diff,SD Cases 7d,OC Cases 7d,SD/OC Cases Diff,SD Case Pos Rate 7d,OC Case Pos Rate 7d,SD/OC Case Pos Diff
2020-10-14,205.5,249.1,6.6,4.3,(Blank),SD Tests 7d,OC Tests 7d,SD/OC Tests Diff,SD Cases 7d,OC Cases 7d,SD/OC Cases Diff,SD Case Pos Rate 7d,OC Case Pos Rate 7d,SD/OC Case Pos Diff
2020-10-13,178.4,289.4,5.5,9.1,(Blank),SD Tests 7d,OC Tests 7d,SD/OC Tests Diff,SD Cases 7d,OC Cases 7d,SD/OC Cases Diff,SD Case Pos Rate 7d,OC Case Pos Rate 7d,SD/OC Case Pos Diff
2020-10-12,284.5,301.9,3.6,8.3,(Blank),SD Tests 7d,OC Tests 7d,SD/OC Tests Diff,SD Cases 7d,OC Cases 7d,SD/OC Cases Diff,SD Case Pos Rate 7d,OC Case Pos Rate 7d,SD/OC Case Pos Diff
2020-10-11,139.8,226.8,7.6,5.8,(Blank),SD Tests 7d,OC Tests 7d,SD/OC Tests Diff,SD Cases 7d,OC Cases 7d,SD/OC Cases Diff,SD Case Pos Rate 7d,OC Case Pos Rate 7d,SD/OC Case Pos Diff
2020-10-10,200.1,295.8,5.8,12.2,(Blank),SD Tests 7d,OC Tests 7d,SD/OC Tests Diff,SD Cases 7d,OC Cases 7d,SD/OC Cases Diff,SD Case Pos Rate 7d,OC Case Pos Rate 7d,SD/OC Case Pos Diff
2020-10-09,263.1,340.6,5.0,9.6,(Blank),SD Tests 7d,OC Tests 7d,SD/OC Tests Diff,SD Cases 7d,OC Cases 7d,SD/OC Cases Diff,SD Case Pos Rate 7d,OC Case Pos Rate 7d,SD/OC Case Pos Diff
2020-10-08,335.8,1658.0,4.4,10.7,(Blank),SD Tests 7d,OC Tests 7d,SD/OC Tests Diff,SD Cases 7d,OC Cases 7d,SD/OC Cases Diff,SD Case Pos Rate 7d,OC Case Pos Rate 7d,SD/OC Case Pos Diff
2020-10-07,219.0,327.0,4.5,8.7,(Blank),SD Tests 7d,OC Tests 7d,SD/OC Tests Diff,SD Cases 7d,OC Cases 7d,SD/OC Cases Diff,SD Case Pos Rate 7d,OC Case Pos Rate 7d,SD/OC Case Pos Diff
2020-10-06,188.2,318.0,4.3,10.6,(Blank),SD Tests 7d,OC Tests 7d,SD/OC Tests Diff,SD Cases 7d,OC Cases 7d,SD/OC Cases Diff,SD Case Pos Rate 7d,OC Case Pos Rate 7d,SD/OC Case Pos Diff
2020-10-05,164.0,263.2,3.7,4.8,(Blank),SD Tests 7d,OC Tests 7d,SD/OC Tests Diff,SD Cases 7d,OC Cases 7d,SD/OC Cases Diff,SD Case Pos Rate 7d,OC Case Pos Rate 7d,SD/OC Case Pos Diff
2020-10-04,105.3,197.0,8.8,6.7,(Blank),SD Tests 7d,OC Tests 7d,SD/OC Tests Diff,SD Cases 7d,OC Cases 7d,SD/OC Cases Diff,SD Case Pos Rate 7d,OC Case Pos Rate 7d,SD/OC Case Pos Diff
2020-10-03,171.1,263.5,7.4,7.1,(Blank),SD Tests 7d,OC Tests 7d,SD/OC Tests Diff,SD Cases 7d,OC Cases 7d,SD/OC Cases Diff,SD Case Pos Rate 7d,OC Case Pos Rate 7d,SD/OC Case Pos Diff
2020-10-02,312.6,273.9,6.5,12.3,(Blank),SD Tests 7d,OC Tests 7d,SD/OC Tests Diff,SD Cases 7d,OC Cases 7d,SD/OC Cases Diff,SD Case Pos Rate 7d,OC Case Pos Rate 7d,SD/OC Case Pos Diff
2020-10-01,328.0,276.1,4.9,9.2,(Blank),SD Tests 7d,OC Tests 7d,SD/OC Tests Diff,SD Cases 7d,OC Cases 7d,SD/OC Cases Diff,SD Case Pos Rate 7d,OC Case Pos Rate 7d,SD/OC Case Pos Diff
2020-09-30,171.1,350.7,6.0,9.1,(Blank),SD Tests 7d,OC Tests 7d,SD/OC Tests Diff,SD Cases 7d,OC Cases 7d,SD/OC Cases Diff,SD Case Pos Rate 7d,OC Case Pos Rate 7d,SD/OC Case Pos Diff
2020-09-29,219.2,320.8,3.4,5.8,(Blank),SD Tests 7d,OC Tests 7d,SD/OC Tests Diff,SD Cases 7d,OC Cases 7d,SD/OC Cases Diff,SD Case Pos Rate 7d,OC Case Pos Rate 7d,SD/OC Case Pos Diff
2020-09-28,245.1,269.5,4.1,7.5,(Blank),SD Tests 7d,OC Tests 7d,SD/OC Tests Diff,SD Cases 7d,OC Cases 7d,SD/OC Cases Diff,SD Case Pos Rate 7d,OC Case Pos Rate 7d,SD/OC Case Pos Diff
2020-09-27,95.9,180.0,7.6,3.7,(Blank),SD Tests 7d,OC Tests 7d,SD/OC Tests Diff,SD Cases 7d,OC Cases 7d,SD/OC Cases Diff,SD Case Pos Rate 7d,OC Case Pos Rate 7d,SD/OC Case Pos Diff
2020-09-26,274.7,256.1,5.1,8.4,(Blank),SD Tests 7d,OC Tests 7d,SD/OC Tests Diff,SD Cases 7d,OC Cases 7d,SD/OC Cases Diff,SD Case Pos Rate 7d,OC Case Pos Rate 7d,SD/OC Case Pos Diff
2020-09-25,309.9,231.0,8.8,9.9,(Blank),SD Tests 7d,OC Tests 7d,SD/OC Tests Diff,SD Cases 7d,OC Cases 7d,SD/OC Cases Diff,SD Case Pos Rate 7d,OC Case Pos Rate 7d,SD/OC Case Pos Diff
2020-09-24,271.5,231.0,2.6,12.1,(Blank),SD Tests 7d,OC Tests 7d,SD/OC Tests Diff,SD Cases 7d,OC Cases 7d,SD/OC Cases Diff,SD Case Pos Rate 7d,OC Case Pos Rate 7d,SD/OC Case Pos Diff
2020-09-23,260.8,407.7,4.8,5.1,(Blank),SD Tests 7d,OC Tests 7d,SD/OC Tests Diff,SD Cases 7d,OC Cases 7d,SD/OC Cases Diff,SD Case Pos Rate 7d,OC Case Pos Rate 7d,SD/OC Case Pos Diff
2020-09-22,177.4,152.5,5.6,8.3,(Blank),SD Tests 7d,OC Tests 7d,SD/OC Tests Diff,SD Cases 7d,OC Cases 7d,SD/OC Cases Diff,SD Case Pos Rate 7d,OC Case Pos Rate 7d,SD/OC Case Pos Diff
2020-09-21,217.3,243.5,4.3,6.7,(Blank),SD Tests 7d,OC Tests 7d,SD/OC Tests Diff,SD Cases 7d,OC Cases 7d,SD/OC Cases Diff,SD Case Pos Rate 7d,OC Case Pos Rate 7d,SD/OC Case Pos Diff
2020-09-20,139.2,190.9,5.9,10.4,(Blank),SD Tests 7d,OC Tests 7d,SD/OC Tests Diff,SD Cases 7d,OC Cases 7d,SD/OC Cases Diff,SD Case Pos Rate 7d,OC Case Pos Rate 7d,SD/OC Case Pos Diff
2020-09-19,229.8,272.5,7.0,8.5,(Blank),SD Tests 7d,OC Tests 7d,SD/OC Tests Diff,SD Cases 7d,OC Cases 7d,SD/OC Cases Diff,SD Case Pos Rate 7d,OC Case Pos Rate 7d,SD/OC Case Pos Diff
2020-09-18,274.4,277.5,7.7,8.6,(Blank),SD Tests 7d,OC Tests 7d,SD/OC Tests Diff,SD Cases 7d,OC Cases 7d,SD/OC Cases Diff,SD Case Pos Rate 7d,OC Case Pos Rate 7d,SD/OC Case Pos Diff
2020-09-17,374.6,306.6,4.3,11.6,(Blank),SD Tests 7d,OC Tests 7d,SD/OC Tests Diff,SD Cases 7d,OC Cases 7d,SD/OC Cases Diff,SD Case Pos Rate 7d,OC Case Pos Rate 7d,SD/OC Case Pos Diff
2020-09-16,297.9,284.4,4.2,5.2,(Blank),SD Tests 7d,OC Tests 7d,SD/OC Tests Diff,SD Cases 7d,OC Cases 7d,SD/OC Cases Diff,SD Case Pos Rate 7d,OC Case Pos Rate 7d,SD/OC Case Pos Diff
2020-09-15,187.9,258.9,4.7,7.9,(Blank),SD Tests 7d,OC Tests 7d,SD/OC Tests Diff,SD Cases 7d,OC Cases 7d,SD/OC Cases Diff,SD Case Pos Rate 7d,OC Case Pos Rate 7d,SD/OC Case Pos Diff
2020-09-14,263.1,178.8,1.4,8.8,(Blank),SD Tests 7d,OC Tests 7d,SD/OC Tests Diff,SD Cases 7d,OC Cases 7d,SD/OC Cases Diff,SD Case Pos Rate 7d,OC Case Pos Rate 7d,SD/OC Case Pos Diff
2020-09-13,114.5,177.4,5.3,6.2,(Blank),SD Tests 7d,OC Tests 7d,SD/OC Tests Diff,SD Cases 7d,OC Cases 7d,SD/OC Cases Diff,SD Case Pos Rate 7d,OC Case Pos Rate 7d,SD/OC Case Pos Diff
2020-09-12,159.4,248.1,4.6,7.9,(Blank),SD Tests 7d,OC Tests 7d,SD/OC Tests Diff,SD Cases 7d,OC Cases 7d,SD/OC Cases Diff,SD Case Pos Rate 7d,OC Case Pos Rate 7d,SD/OC Case Pos Diff
2020-09-11,265.6,255.5,4.4,13.3,(Blank),SD Tests 7d,OC Tests 7d,SD/OC Tests Diff,SD Cases 7d,OC Cases 7d,SD/OC Cases Diff,SD Case Pos Rate 7d,OC Case Pos Rate 7d,SD/OC Case Pos Diff
2020-09-10,225.0,275.8,8.7,10.8,(Blank),SD Tests 7d,OC Tests 7d,SD/OC Tests Diff,SD Cases 7d,OC Cases 7d,SD/OC Cases Diff,SD Case Pos Rate 7d,OC Case Pos Rate 7d,SD/OC Case Pos Diff
2020-09-09,183.2,249.0,6.0,8.5,(Blank),SD Tests 7d,OC Tests 7d,SD/OC Tests Diff,SD Cases 7d,OC Cases 7d,SD/OC Cases Diff,SD Case Pos Rate 7d,OC Case Pos Rate 7d,SD/OC Case Pos Diff
2020-09-08,212.7,203.3,4.7,7.4,(Blank),SD Tests 7d,OC Tests 7d,SD/OC Tests Diff,SD Cases 7d,OC Cases 7d,SD/OC Cases Diff,SD Case Pos Rate 7d,OC Case Pos Rate 7d,SD/OC Case Pos Diff
2020-09-07,104.4,141.6,3.5,6.3,(Blank),SD Tests 7d,OC Tests 7d,SD/OC Tests Diff,SD Cases 7d,OC Cases 7d,SD/OC Cases Diff,SD Case Pos Rate 7d,OC Case Pos Rate 7d,SD/OC Case Pos Diff
2020-09-06,137.9,203.3,6.9,6.5,(Blank),SD Tests 7d,OC Tests 7d,SD/OC Tests Diff,SD Cases 7d,OC Cases 7d,SD/OC Cases Diff,SD Case Pos Rate 7d,OC Case Pos Rate 7d,SD/OC Case Pos Diff
2020-09-05,164.6,127.9,7.8,9.2,(Blank),SD Tests 7d,OC Tests 7d,SD/OC Tests Diff,SD Cases 7d,OC Cases 7d,SD/OC Cases Diff,SD Case Pos Rate 7d,OC Case Pos Rate 7d,SD/OC Case Pos Diff
2020-09-04,229.0,223.0,9.7,13.3,(Blank),SD Tests 7d,OC Tests 7d,SD/OC Tests Diff,SD Cases 7d,OC Cases 7d,SD/OC Cases Diff,SD Case Pos Rate 7d,OC Case Pos Rate 7d,SD/OC Case Pos Diff
2020-09-03,234.4,226.3,9.3,13.6,(Blank),SD Tests 7d,OC Tests 7d,SD/OC Tests Diff,SD Cases 7d,OC Cases 7d,SD/OC Cases Diff,SD Case Pos Rate 7d,OC Case Pos Rate 7d,SD/OC Case Pos Diff
2020-09-02,343.3,270.5,9.8,9.7,(Blank),SD Tests 7d,OC Tests 7d,SD/OC Tests Diff,SD Cases 7d,OC Cases 7d,SD/OC Cases Diff,SD Case Pos Rate 7d,OC Case Pos Rate 7d,SD/OC Case Pos Diff
2020-09-01,236.0,227.8,8.9,7.5,(Blank),SD Tests 7d,OC Tests 7d,SD/OC Tests Diff,SD Cases 7d,OC Cases 7d,SD/OC Cases Diff,SD Case Pos Rate 7d,OC Case Pos Rate 7d,SD/OC Case Pos Diff
2020-08-31,196.7,209.3,2.9,8.0,(Blank),SD Tests 7d,OC Tests 7d,SD/OC Tests Diff,SD Cases 7d,OC Cases 7d,SD/OC Cases Diff,SD Case Pos Rate 7d,OC Case Pos Rate 7d,SD/OC Case Pos Diff
2020-08-30,400.8,171.7,7.9,9.1,(Blank),SD Tests 7d,OC Tests 7d,SD/OC Tests Diff,SD Cases 7d,OC Cases 7d,SD/OC Cases Diff,SD Case Pos Rate 7d,OC Case Pos Rate 7d,SD/OC Case Pos Diff
2020-08-29,405.6,160.6,12.7,7.6,(Blank),SD Tests 7d,OC Tests 7d,SD/OC Tests Diff,SD Cases 7d,OC Cases 7d,SD/OC Cases Diff,SD Case Pos Rate 7d,OC Case Pos Rate 7d,SD/OC Case Pos Diff
2020-08-28,25.2,203.6,10.0,7.9,(Blank),SD Tests 7d,OC Tests 7d,SD/OC Tests Diff,SD Cases 7d,OC Cases 7d,SD/OC Cases Diff,SD Case Pos Rate 7d,OC Case Pos Rate 7d,SD/OC Case Pos Diff
2020-08-27,220.1,264.2,11.5,8.5,(Blank),SD Tests 7d,OC Tests 7d,SD/OC Tests Diff,SD Cases 7d,OC Cases 7d,SD/OC Cases Diff,SD Case Pos Rate 7d,OC Case Pos Rate 7d,SD/OC Case Pos Diff
2020-08-26,179.0,156.8,13.9,8.3,(Blank),SD Tests 7d,OC Tests 7d,SD/OC Tests Diff,SD Cases 7d,OC Cases 7d,SD/OC Cases Diff,SD Case Pos Rate 7d,OC Case Pos Rate 7d,SD/OC Case Pos Diff
2020-08-25,175.3,249.4,10.4,6.8,(Blank),SD Tests 7d,OC Tests 7d,SD/OC Tests Diff,SD Cases 7d,OC Cases 7d,SD/OC Cases Diff,SD Case Pos Rate 7d,OC Case Pos Rate 7d,SD/OC Case Pos Diff
2020-08-24,251.6,165.8,11.0,8.0,(Blank),SD Tests 7d,OC Tests 7d,SD/OC Tests Diff,SD Cases 7d,OC Cases 7d,SD/OC Cases Diff,SD Case Pos Rate 7d,OC Case Pos Rate 7d,SD/OC Case Pos Diff
2020-08-23,102.6,220.2,4.7,5.6,(Blank),SD Tests 7d,OC Tests 7d,SD/OC Tests Diff,SD Cases 7d,OC Cases 7d,SD/OC Cases Diff,SD Case Pos Rate 7d,OC Case Pos Rate 7d,SD/OC Case Pos Diff
2020-08-22,160.2,203.2,15.3,10.1,(Blank),SD Tests 7d,OC Tests 7d,SD/OC Tests Diff,SD Cases 7d,OC Cases 7d,SD/OC Cases Diff,SD Case Pos Rate 7d,OC Case Pos Rate 7d,SD/OC Case Pos Diff
2020-08-21,234.6,264.3,11.5,8.7,(Blank),SD Tests 7d,OC Tests 7d,SD/OC Tests Diff,SD Cases 7d,OC Cases 7d,SD/OC Cases Diff,SD Case Pos Rate 7d,OC Case Pos Rate 7d,SD/OC Case Pos Diff
2020-08-20,292.6,196.7,13.3,9.1,(Blank),SD Tests 7d,OC Tests 7d,SD/OC Tests Diff,SD Cases 7d,OC Cases 7d,SD/OC Cases Diff,SD Case Pos Rate 7d,OC Case Pos Rate 7d,SD/OC Case Pos Diff
2020-08-19,203.1,295.5,9.2,6.9,(Blank),SD Tests 7d,OC Tests 7d,SD/OC Tests Diff,SD Cases 7d,OC Cases 7d,SD/OC Cases Diff,SD Case Pos Rate 7d,OC Case Pos Rate 7d,SD/OC Case Pos Diff
2020-08-18,163.9,203.1,8.9,6.4,(Blank),SD Tests 7d,OC Tests 7d,SD/OC Tests Diff,SD Cases 7d,OC Cases 7d,SD/OC Cases Diff,SD Case Pos Rate 7d,OC Case Pos Rate 7d,SD/OC Case Pos Diff
2020-08-17,194.9,167.3,6.7,6.1,(Blank),SD Tests 7d,OC Tests 7d,SD/OC Tests Diff,SD Cases 7d,OC Cases 7d,SD/OC Cases Diff,SD Case Pos Rate 7d,OC Case Pos Rate 7d,SD/OC Case Pos Diff
2020-08-16,214.3,191.0,10.6,8.4,(Blank),SD Tests 7d,OC Tests 7d,SD/OC Tests Diff,SD Cases 7d,OC Cases 7d,SD/OC Cases Diff,SD Case Pos Rate 7d,OC Case Pos Rate 7d,SD/OC Case Pos Diff
2020-08-15,242.7,211.1,15.9,10.0,(Blank),SD Tests 7d,OC Tests 7d,SD/OC Tests Diff,SD Cases 7d,OC Cases 7d,SD/OC Cases Diff,SD Case Pos Rate 7d,OC Case Pos Rate 7d,SD/OC Case Pos Diff
2020-08-14,357.3,337.5,21.2,8.4,(Blank),SD Tests 7d,OC Tests 7d,SD/OC Tests Diff,SD Cases 7d,OC Cases 7d,SD/OC Cases Diff,SD Case Pos Rate 7d,OC Case Pos Rate 7d,SD/OC Case Pos Diff
2020-08-13,295.2,284.8,10.8,12.2,(Blank),SD Tests 7d,OC Tests 7d,SD/OC Tests Diff,SD Cases 7d,OC Cases 7d,SD/OC Cases Diff,SD Case Pos Rate 7d,OC Case Pos Rate 7d,SD/OC Case Pos Diff
2020-08-12,419.1,240.2,7.6,8.0,(Blank),SD Tests 7d,OC Tests 7d,SD/OC Tests Diff,SD Cases 7d,OC Cases 7d,SD/OC Cases Diff,SD Case Pos Rate 7d,OC Case Pos Rate 7d,SD/OC Case Pos Diff
2020-08-11,183.6,219.8,32.6,7.1,(Blank),SD Tests 7d,OC Tests 7d,SD/OC Tests Diff,SD Cases 7d,OC Cases 7d,SD/OC Cases Diff,SD Case Pos Rate 7d,OC Case Pos Rate 7d,SD/OC Case Pos Diff
2020-08-10,429.4,169.8,27.5,5.5,(Blank),SD Tests 7d,OC Tests 7d,SD/OC Tests Diff,SD Cases 7d,OC Cases 7d,SD/OC Cases Diff,SD Case Pos Rate 7d,OC Case Pos Rate 7d,SD/OC Case Pos Diff
2020-08-09,330.8,226.8,17.5,6.8,(Blank),SD Tests 7d,OC Tests 7d,SD/OC Tests Diff,SD Cases 7d,OC Cases 7d,SD/OC Cases Diff,SD Case Pos Rate 7d,OC Case Pos Rate 7d,SD/OC Case Pos Diff
2020-08-08,455.1,186.8,10.0,12.5,(Blank),SD Tests 7d,OC Tests 7d,SD/OC Tests Diff,SD Cases 7d,OC Cases 7d,SD/OC Cases Diff,SD Case Pos Rate 7d,OC Case Pos Rate 7d,SD/OC Case Pos Diff
2020-08-07,213.2,283.7,1.3,16.5,(Blank),SD Tests 7d,OC Tests 7d,SD/OC Tests Diff,SD Cases 7d,OC Cases 7d,SD/OC Cases Diff,SD Case Pos Rate 7d,OC Case Pos Rate 7d,SD/OC Case Pos Diff
2020-08-06,140.3,344.5,18.0,19.5,(Blank),SD Tests 7d,OC Tests 7d,SD/OC Tests Diff,SD Cases 7d,OC Cases 7d,SD/OC Cases Diff,SD Case Pos Rate 7d,OC Case Pos Rate 7d,SD/OC Case Pos Diff
2020-08-05,103.3,332.7,2.0,7.9,(Blank),SD Tests 7d,OC Tests 7d,SD/OC Tests Diff,SD Cases 7d,OC Cases 7d,SD/OC Cases Diff,SD Case Pos Rate 7d,OC Case Pos Rate 7d,SD/OC Case Pos Diff
2020-08-04,157.5,209.1,7.9,10.4,(Blank),SD Tests 7d,OC Tests 7d,SD/OC Tests Diff,SD Cases 7d,OC Cases 7d,SD/OC Cases Diff,SD Case Pos Rate 7d,OC Case Pos Rate 7d,SD/OC Case Pos Diff
2020-08-03,116.5,124.9,13.1,8.7,(Blank),SD Tests 7d,OC Tests 7d,SD/OC Tests Diff,SD Cases 7d,OC Cases 7d,SD/OC Cases Diff,SD Case Pos Rate 7d,OC Case Pos Rate 7d,SD/OC Case Pos Diff
2020-08-02,531.7,195.8,17.3,10.3,(Blank),SD Tests 7d,OC Tests 7d,SD/OC Tests Diff,SD Cases 7d,OC Cases 7d,SD/OC Cases Diff,SD Case Pos Rate 7d,OC Case Pos Rate 7d,SD/OC Case Pos Diff
2020-08-01,98.5,169.4,19.8,7.7,(Blank),SD Tests 7d,OC Tests 7d,SD/OC Tests Diff,SD Cases 7d,OC Cases 7d,SD/OC Cases Diff,SD Case Pos Rate 7d,OC Case Pos Rate 7d,SD/OC Case Pos Diff
2020-07-31,197.3,274.4,13.0,15.8,(Blank),SD Tests 7d,OC Tests 7d,SD/OC Tests Diff,SD Cases 7d,OC Cases 7d,SD/OC Cases Diff,SD Case Pos Rate 7d,OC Case Pos Rate 7d,SD/OC Case Pos Diff
2020-07-30,180.3,271.6,15.7,11.4,(Blank),SD Tests 7d,OC Tests 7d,SD/OC Tests Diff,SD Cases 7d,OC Cases 7d,SD/OC Cases Diff,SD Case Pos Rate 7d,OC Case Pos Rate 7d,SD/OC Case Pos Diff
2020-07-29,-41.5,246.8,13.6,11.4,(Blank),SD Tests 7d,OC Tests 7d,SD/OC Tests Diff,SD Cases 7d,OC Cases 7d,SD/OC Cases Diff,SD Case Pos Rate 7d,OC Case Pos Rate 7d,SD/OC Case Pos Diff
2020-07-28,166.5,206.7,5.8,8.4,(Blank),SD Tests 7d,OC Tests 7d,SD/OC Tests Diff,SD Cases 7d,OC Cases 7d,SD/OC Cases Diff,SD Case Pos Rate 7d,OC Case Pos Rate 7d,SD/OC Case Pos Diff
2020-07-27,189.3,198.4,8.5,14.9,(Blank),SD Tests 7d,OC Tests 7d,SD/OC Tests Diff,SD Cases 7d,OC Cases 7d,SD/OC Cases Diff,SD Case Pos Rate 7d,OC Case Pos Rate 7d,SD/OC Case Pos Diff
2020-07-26,65.7,193.4,13.0,15.7,(Blank),SD Tests 7d,OC Tests 7d,SD/OC Tests Diff,SD Cases 7d,OC Cases 7d,SD/OC Cases Diff,SD Case Pos Rate 7d,OC Case Pos Rate 7d,SD/OC Case Pos Diff
2020-07-25,56.7,224.8,18.5,8.5,(Blank),SD Tests 7d,OC Tests 7d,SD/OC Tests Diff,SD Cases 7d,OC Cases 7d,SD/OC Cases Diff,SD Case Pos Rate 7d,OC Case Pos Rate 7d,SD/OC Case Pos Diff
2020-07-24,145.5,492.1,22.0,18.1,(Blank),SD Tests 7d,OC Tests 7d,SD/OC Tests Diff,SD Cases 7d,OC Cases 7d,SD/OC Cases Diff,SD Case Pos Rate 7d,OC Case Pos Rate 7d,SD/OC Case Pos Diff
2020-07-23,125.2,208.9,28.1,14.7,(Blank),SD Tests 7d,OC Tests 7d,SD/OC Tests Diff,SD Cases 7d,OC Cases 7d,SD/OC Cases Diff,SD Case Pos Rate 7d,OC Case Pos Rate 7d,SD/OC Case Pos Diff
2020-07-22,203.0,248.7,23.8,15.0,(Blank),SD Tests 7d,OC Tests 7d,SD/OC Tests Diff,SD Cases 7d,OC Cases 7d,SD/OC Cases Diff,SD Case Pos Rate 7d,OC Case Pos Rate 7d,SD/OC Case Pos Diff
2020-07-21,233.7,248.0,30.7,17.6,(Blank),SD Tests 7d,OC Tests 7d,SD/OC Tests Diff,SD Cases 7d,OC Cases 7d,SD/OC Cases Diff,SD Case Pos Rate 7d,OC Case Pos Rate 7d,SD/OC Case Pos Diff
2020-07-20,207.4,270.5,17.4,11.5,(Blank),SD Tests 7d,OC Tests 7d,SD/OC Tests Diff,SD Cases 7d,OC Cases 7d,SD/OC Cases Diff,SD Case Pos Rate 7d,OC Case Pos Rate 7d,SD/OC Case Pos Diff
2020-07-19,231.0,236.2,12.9,13.6,(Blank),SD Tests 7d,OC Tests 7d,SD/OC Tests Diff,SD Cases 7d,OC Cases 7d,SD/OC Cases Diff,SD Case Pos Rate 7d,OC Case Pos Rate 7d,SD/OC Case Pos Diff
2020-07-18,198.2,267.9,21.8,17.0,(Blank),SD Tests 7d,OC Tests 7d,SD/OC Tests Diff,SD Cases 7d,OC Cases 7d,SD/OC Cases Diff,SD Case Pos Rate 7d,OC Case Pos Rate 7d,SD/OC Case Pos Diff
2020-07-17,154.4,308.2,12.6,18.7,(Blank),SD Tests 7d,OC Tests 7d,SD/OC Tests Diff,SD Cases 7d,OC Cases 7d,SD/OC Cases Diff,SD Case Pos Rate 7d,OC Case Pos Rate 7d,SD/OC Case Pos Diff
2020-07-16,219.9,276.3,27.1,19.0,(Blank),SD Tests 7d,OC Tests 7d,SD/OC Tests Diff,SD Cases 7d,OC Cases 7d,SD/OC Cases Diff,SD Case Pos Rate 7d,OC Case Pos Rate 7d,SD/OC Case Pos Diff
2020-07-15,155.5,312.6,28.3,12.3,(Blank),SD Tests 7d,OC Tests 7d,SD/OC Tests Diff,SD Cases 7d,OC Cases 7d,SD/OC Cases Diff,SD Case Pos Rate 7d,OC Case Pos Rate 7d,SD/OC Case Pos Diff
2020-07-14,140.3,252.7,26.8,16.7,(Blank),SD Tests 7d,OC Tests 7d,SD/OC Tests Diff,SD Cases 7d,OC Cases 7d,SD/OC Cases Diff,SD Case Pos Rate 7d,OC Case Pos Rate 7d,SD/OC Case Pos Diff
2020-07-13,319.3,217.1,16.8,16.1,(Blank),SD Tests 7d,OC Tests 7d,SD/OC Tests Diff,SD Cases 7d,OC Cases 7d,SD/OC Cases Diff,SD Case Pos Rate 7d,OC Case Pos Rate 7d,SD/OC Case Pos Diff
2020-07-12,210.7,196.0,25.3,12.6,(Blank),SD Tests 7d,OC Tests 7d,SD/OC Tests Diff,SD Cases 7d,OC Cases 7d,SD/OC Cases Diff,SD Case Pos Rate 7d,OC Case Pos Rate 7d,SD/OC Case Pos Diff
2020-07-11,130.3,254.8,38.8,16.7,(Blank),SD Tests 7d,OC Tests 7d,SD/OC Tests Diff,SD Cases 7d,OC Cases 7d,SD/OC Cases Diff,SD Case Pos Rate 7d,OC Case Pos Rate 7d,SD/OC Case Pos Diff
2020-07-10,213.8,248.4,35.2,15.2,(Blank),SD Tests 7d,OC Tests 7d,SD/OC Tests Diff,SD Cases 7d,OC Cases 7d,SD/OC Cases Diff,SD Case Pos Rate 7d,OC Case Pos Rate 7d,SD/OC Case Pos Diff
2020-07-09,227.0,252.3,40.1,13.8,(Blank),SD Tests 7d,OC Tests 7d,SD/OC Tests Diff,SD Cases 7d,OC Cases 7d,SD/OC Cases Diff,SD Case Pos Rate 7d,OC Case Pos Rate 7d,SD/OC Case Pos Diff
2020-07-08,109.0,268.1,41.4,16.8,(Blank),SD Tests 7d,OC Tests 7d,SD/OC Tests Diff,SD Cases 7d,OC Cases 7d,SD/OC Cases Diff,SD Case Pos Rate 7d,OC Case Pos Rate 7d,SD/OC Case Pos Diff
2020-07-07,210.6,227.9,31.3,7.9,(Blank),SD Tests 7d,OC Tests 7d,SD/OC Tests Diff,SD Cases 7d,OC Cases 7d,SD/OC Cases Diff,SD Case Pos Rate 7d,OC Case Pos Rate 7d,SD/OC Case Pos Diff
2020-07-06,249.4,165.7,31.9,17.3,(Blank),SD Tests 7d,OC Tests 7d,SD/OC Tests Diff,SD Cases 7d,OC Cases 7d,SD/OC Cases Diff,SD Case Pos Rate 7d,OC Case Pos Rate 7d,SD/OC Case Pos Diff
2020-07-05,129.0,229.7,20.6,8.2,(Blank),SD Tests 7d,OC Tests 7d,SD/OC Tests Diff,SD Cases 7d,OC Cases 7d,SD/OC Cases Diff,SD Case Pos Rate 7d,OC Case Pos Rate 7d,SD/OC Case Pos Diff
2020-07-04,175.3,242.5,12.8,16.8,(Blank),SD Tests 7d,OC Tests 7d,SD/OC Tests Diff,SD Cases 7d,OC Cases 7d,SD/OC Cases Diff,SD Case Pos Rate 7d,OC Case Pos Rate 7d,SD/OC Case Pos Diff
2020-07-03,212.9,219.3,22.1,14.0,(Blank),SD Tests 7d,OC Tests 7d,SD/OC Tests Diff,SD Cases 7d,OC Cases 7d,SD/OC Cases Diff,SD Case Pos Rate 7d,OC Case Pos Rate 7d,SD/OC Case Pos Diff
2020-07-02,185.0,218.9,20.2,14.6,(Blank),SD Tests 7d,OC Tests 7d,SD/OC Tests Diff,SD Cases 7d,OC Cases 7d,SD/OC Cases Diff,SD Case Pos Rate 7d,OC Case Pos Rate 7d,SD/OC Case Pos Diff
2020-07-01,217.3,254.9,17.7,17.5,(Blank),SD Tests 7d,OC Tests 7d,SD/OC Tests Diff,SD Cases 7d,OC Cases 7d,SD/OC Cases Diff,SD Case Pos Rate 7d,OC Case Pos Rate 7d,SD/OC Case Pos Diff
2020-06-30,240.4,234.4,24.2,14.2,(Blank),SD Tests 7d,OC Tests 7d,SD/OC Tests Diff,SD Cases 7d,OC Cases 7d,SD/OC Cases Diff,SD Case Pos Rate 7d,OC Case Pos Rate 7d,SD/OC Case Pos Diff
2020-06-29,307.8,221.1,14.2,9.5,(Blank),SD Tests 7d,OC Tests 7d,SD/OC Tests Diff,SD Cases 7d,OC Cases 7d,SD/OC Cases Diff,SD Case Pos Rate 7d,OC Case Pos Rate 7d,SD/OC Case Pos Diff
2020-06-28,189.5,206.9,4.5,14.9,(Blank),SD Tests 7d,OC Tests 7d,SD/OC Tests Diff,SD Cases 7d,OC Cases 7d,SD/OC Cases Diff,SD Case Pos Rate 7d,OC Case Pos Rate 7d,SD/OC Case Pos Diff
2020-06-27,246.8,248.7,16.7,14.9,(Blank),SD Tests 7d,OC Tests 7d,SD/OC Tests Diff,SD Cases 7d,OC Cases 7d,SD/OC Cases Diff,SD Case Pos Rate 7d,OC Case Pos Rate 7d,SD/OC Case Pos Diff
2020-06-26,49.1,274.7,14.8,13.1,(Blank),SD Tests 7d,OC Tests 7d,SD/OC Tests Diff,SD Cases 7d,OC Cases 7d,SD/OC Cases Diff,SD Case Pos Rate 7d,OC Case Pos Rate 7d,SD/OC Case Pos Diff
2020-06-25,39.1,204.4,15.5,13.2,(Blank),SD Tests 7d,OC Tests 7d,SD/OC Tests Diff,SD Cases 7d,OC Cases 7d,SD/OC Cases Diff,SD Case Pos Rate 7d,OC Case Pos Rate 7d,SD/OC Case Pos Diff
2020-06-24,94.8,283.7,10.9,10.0,(Blank),SD Tests 7d,OC Tests 7d,SD/OC Tests Diff,SD Cases 7d,OC Cases 7d,SD/OC Cases Diff,SD Case Pos Rate 7d,OC Case Pos Rate 7d,SD/OC Case Pos Diff
2020-06-23,133.3,209.1,4.3,9.9,(Blank),SD Tests 7d,OC Tests 7d,SD/OC Tests Diff,SD Cases 7d,OC Cases 7d,SD/OC Cases Diff,SD Case Pos Rate 7d,OC Case Pos Rate 7d,SD/OC Case Pos Diff
2020-06-22,124.1,204.3,5.3,5.9,(Blank),SD Tests 7d,OC Tests 7d,SD/OC Tests Diff,SD Cases 7d,OC Cases 7d,SD/OC Cases Diff,SD Case Pos Rate 7d,OC Case Pos Rate 7d,SD/OC Case Pos Diff
2020-06-21,126.6,174.7,13.0,9.0,(Blank),SD Tests 7d,OC Tests 7d,SD/OC Tests Diff,SD Cases 7d,OC Cases 7d,SD/OC Cases Diff,SD Case Pos Rate 7d,OC Case Pos Rate 7d,SD/OC Case Pos Diff
2020-06-20,162.3,132.2,12.3,9.3,(Blank),SD Tests 7d,OC Tests 7d,SD/OC Tests Diff,SD Cases 7d,OC Cases 7d,SD/OC Cases Diff,SD Case Pos Rate 7d,OC Case Pos Rate 7d,SD/OC Case Pos Diff
2020-06-19,151.8,167.6,8.7,4.0,(Blank),SD Tests 7d,OC Tests 7d,SD/OC Tests Diff,SD Cases 7d,OC Cases 7d,SD/OC Cases Diff,SD Case Pos Rate 7d,OC Case Pos Rate 7d,SD/OC Case Pos Diff
2020-06-18,156.3,315.8,3.9,7.7,(Blank),SD Tests 7d,OC Tests 7d,SD/OC Tests Diff,SD Cases 7d,OC Cases 7d,SD/OC Cases Diff,SD Case Pos Rate 7d,OC Case Pos Rate 7d,SD/OC Case Pos Diff
2020-06-17,160.7,301.6,6.1,7.1,(Blank),SD Tests 7d,OC Tests 7d,SD/OC Tests Diff,SD Cases 7d,OC Cases 7d,SD/OC Cases Diff,SD Case Pos Rate 7d,OC Case Pos Rate 7d,SD/OC Case Pos Diff
2020-06-16,125.1,203.2,7.5,3.7,(Blank),SD Tests 7d,OC Tests 7d,SD/OC Tests Diff,SD Cases 7d,OC Cases 7d,SD/OC Cases Diff,SD Case Pos Rate 7d,OC Case Pos Rate 7d,SD/OC Case Pos Diff
2020-06-15,120.1,144.9,6.1,3.6,(Blank),SD Tests 7d,OC Tests 7d,SD/OC Tests Diff,SD Cases 7d,OC Cases 7d,SD/OC Cases Diff,SD Case Pos Rate 7d,OC Case Pos Rate 7d,SD/OC Case Pos Diff
2020-06-14,130.0,156.0,9.0,5.1,(Blank),SD Tests 7d,OC Tests 7d,SD/OC Tests Diff,SD Cases 7d,OC Cases 7d,SD/OC Cases Diff,SD Case Pos Rate 7d,OC Case Pos Rate 7d,SD/OC Case Pos Diff
2020-06-13,118.4,202.2,3.9,3.8,(Blank),SD Tests 7d,OC Tests 7d,SD/OC Tests Diff,SD Cases 7d,OC Cases 7d,SD/OC Cases Diff,SD Case Pos Rate 7d,OC Case Pos Rate 7d,SD/OC Case Pos Diff
2020-06-12,146.2,173.2,5.0,5.5,(Blank),SD Tests 7d,OC Tests 7d,SD/OC Tests Diff,SD Cases 7d,OC Cases 7d,SD/OC Cases Diff,SD Case Pos Rate 7d,OC Case Pos Rate 7d,SD/OC Case Pos Diff
2020-06-11,111.9,191.2,7.6,4.0,(Blank),SD Tests 7d,OC Tests 7d,SD/OC Tests Diff,SD Cases 7d,OC Cases 7d,SD/OC Cases Diff,SD Case Pos Rate 7d,OC Case Pos Rate 7d,SD/OC Case Pos Diff
2020-06-10,131.4,149.7,4.4,4.8,(Blank),SD Tests 7d,OC Tests 7d,SD/OC Tests Diff,SD Cases 7d,OC Cases 7d,SD/OC Cases Diff,SD Case Pos Rate 7d,OC Case Pos Rate 7d,SD/OC Case Pos Diff
2020-06-09,113.5,115.4,2.6,3.2,(Blank),SD Tests 7d,OC Tests 7d,SD/OC Tests Diff,SD Cases 7d,OC Cases 7d,SD/OC Cases Diff,SD Case Pos Rate 7d,OC Case Pos Rate 7d,SD/OC Case Pos Diff
2020-06-08,96.4,118.7,3.4,3.3,(Blank),SD Tests 7d,OC Tests 7d,SD/OC Tests Diff,SD Cases 7d,OC Cases 7d,SD/OC Cases Diff,SD Case Pos Rate 7d,OC Case Pos Rate 7d,SD/OC Case Pos Diff
2020-06-07,103.4,115.1,3.4,4.3,(Blank),SD Tests 7d,OC Tests 7d,SD/OC Tests Diff,SD Cases 7d,OC Cases 7d,SD/OC Cases Diff,SD Case Pos Rate 7d,OC Case Pos Rate 7d,SD/OC Case Pos Diff
2020-06-06,112.8,171.7,8.0,3.9,(Blank),SD Tests 7d,OC Tests 7d,SD/OC Tests Diff,SD Cases 7d,OC Cases 7d,SD/OC Cases Diff,SD Case Pos Rate 7d,OC Case Pos Rate 7d,SD/OC Case Pos Diff
2020-06-05,146.2,115.7,8.5,4.9,(Blank),SD Tests 7d,OC Tests 7d,SD/OC Tests Diff,SD Cases 7d,OC Cases 7d,SD/OC Cases Diff,SD Case Pos Rate 7d,OC Case Pos Rate 7d,SD/OC Case Pos Diff
2020-06-04,149.6,177.8,3.2,7.2,(Blank),SD Tests 7d,OC Tests 7d,SD/OC Tests Diff,SD Cases 7d,OC Cases 7d,SD/OC Cases Diff,SD Case Pos Rate 7d,OC Case Pos Rate 7d,SD/OC Case Pos Diff
2020-06-03,103.7,111.3,4.0,4.3,(Blank),SD Tests 7d,OC Tests 7d,SD/OC Tests Diff,SD Cases 7d,OC Cases 7d,SD/OC Cases Diff,SD Case Pos Rate 7d,OC Case Pos Rate 7d,SD/OC Case Pos Diff
2020-06-02,90.6,148.0,2.8,3.7,(Blank),SD Tests 7d,OC Tests 7d,SD/OC Tests Diff,SD Cases 7d,OC Cases 7d,SD/OC Cases Diff,SD Case Pos Rate 7d,OC Case Pos Rate 7d,SD/OC Case Pos Diff
2020-06-01,98.7,118.0,6.2,3.6,(Blank),SD Tests 7d,OC Tests 7d,SD/OC Tests Diff,SD Cases 7d,OC Cases 7d,SD/OC Cases Diff,SD Case Pos Rate 7d,OC Case Pos Rate 7d,SD/OC Case Pos Diff
2020-05-31,101.8,109.5,4.7,2.2,(Blank),SD Tests 7d,OC Tests 7d,SD/OC Tests Diff,SD Cases 7d,OC Cases 7d,SD/OC Cases Diff,SD Case Pos Rate 7d,OC Case Pos Rate 7d,SD/OC Case Pos Diff
2020-05-30,103.3,117.7,5.3,2.9,(Blank),SD Tests 7d,OC Tests 7d,SD/OC Tests Diff,SD Cases 7d,OC Cases 7d,SD/OC Cases Diff,SD Case Pos Rate 7d,OC Case Pos Rate 7d,SD/OC Case Pos Diff
2020-05-29,121.8,128.8,5.1,4.3,(Blank),SD Tests 7d,OC Tests 7d,SD/OC Tests Diff,SD Cases 7d,OC Cases 7d,SD/OC Cases Diff,SD Case Pos Rate 7d,OC Case Pos Rate 7d,SD/OC Case Pos Diff
2020-05-28,107.9,138.5,2.7,4.2,(Blank),SD Tests 7d,OC Tests 7d,SD/OC Tests Diff,SD Cases 7d,OC Cases 7d,SD/OC Cases Diff,SD Case Pos Rate 7d,OC Case Pos Rate 7d,SD/OC Case Pos Diff
2020-05-27,84.3,110.8,3.5,3.5,(Blank),SD Tests 7d,OC Tests 7d,SD/OC Tests Diff,SD Cases 7d,OC Cases 7d,SD/OC Cases Diff,SD Case Pos Rate 7d,OC Case Pos Rate 7d,SD/OC Case Pos Diff
2020-05-26,71.7,90.5,3.3,3.0,(Blank),SD Tests 7d,OC Tests 7d,SD/OC Tests Diff,SD Cases 7d,OC Cases 7d,SD/OC Cases Diff,SD Case Pos Rate 7d,OC Case Pos Rate 7d,SD/OC Case Pos Diff
2020-05-25,78.7,117.1,3.7,2.5,(Blank),SD Tests 7d,OC Tests 7d,SD/OC Tests Diff,SD Cases 7d,OC Cases 7d,SD/OC Cases Diff,SD Case Pos Rate 7d,OC Case Pos Rate 7d,SD/OC Case Pos Diff
2020-05-24,90.2,110.8,5.3,2.9,(Blank),SD Tests 7d,OC Tests 7d,SD/OC Tests Diff,SD Cases 7d,OC Cases 7d,SD/OC Cases Diff,SD Case Pos Rate 7d,OC Case Pos Rate 7d,SD/OC Case Pos Diff
2020-05-23,86.7,136.2,6.3,4.3,(Blank),SD Tests 7d,OC Tests 7d,SD/OC Tests Diff,SD Cases 7d,OC Cases 7d,SD/OC Cases Diff,SD Case Pos Rate 7d,OC Case Pos Rate 7d,SD/OC Case Pos Diff
2020-05-22,97.0,113.7,3.2,3.7,(Blank),SD Tests 7d,OC Tests 7d,SD/OC Tests Diff,SD Cases 7d,OC Cases 7d,SD/OC Cases Diff,SD Case Pos Rate 7d,OC Case Pos Rate 7d,SD/OC Case Pos Diff
2020-05-21,82.5,121.5,2.9,3.6,(Blank),SD Tests 7d,OC Tests 7d,SD/OC Tests Diff,SD Cases 7d,OC Cases 7d,SD/OC Cases Diff,SD Case Pos Rate 7d,OC Case Pos Rate 7d,SD/OC Case Pos Diff
2020-05-20,98.3,141.4,7.4,5.2,(Blank),SD Tests 7d,OC Tests 7d,SD/OC Tests Diff,SD Cases 7d,OC Cases 7d,SD/OC Cases Diff,SD Case Pos Rate 7d,OC Case Pos Rate 7d,SD/OC Case Pos Diff
2020-05-19,73.6,143.8,1.8,3.4,(Blank),SD Tests 7d,OC Tests 7d,SD/OC Tests Diff,SD Cases 7d,OC Cases 7d,SD/OC Cases Diff,SD Case Pos Rate 7d,OC Case Pos Rate 7d,SD/OC Case Pos Diff
2020-05-18,47.4,78.2,1.4,2.4,(Blank),SD Tests 7d,OC Tests 7d,SD/OC Tests Diff,SD Cases 7d,OC Cases 7d,SD/OC Cases Diff,SD Case Pos Rate 7d,OC Case Pos Rate 7d,SD/OC Case Pos Diff
2020-05-17,31.9,102.1,4.6,3.3,(Blank),SD Tests 7d,OC Tests 7d,SD/OC Tests Diff,SD Cases 7d,OC Cases 7d,SD/OC Cases Diff,SD Case Pos Rate 7d,OC Case Pos Rate 7d,SD/OC Case Pos Diff
2020-05-16,49.1,130.7,2.7,5.2,(Blank),SD Tests 7d,OC Tests 7d,SD/OC Tests Diff,SD Cases 7d,OC Cases 7d,SD/OC Cases Diff,SD Case Pos Rate 7d,OC Case Pos Rate 7d,SD/OC Case Pos Diff
2020-05-15,80.1,134.9,4.5,4.2,(Blank),SD Tests 7d,OC Tests 7d,SD/OC Tests Diff,SD Cases 7d,OC Cases 7d,SD/OC Cases Diff,SD Case Pos Rate 7d,OC Case Pos Rate 7d,SD/OC Case Pos Diff
2020-05-14,66.0,121.5,6.7,4.0,(Blank),SD Tests 7d,OC Tests 7d,SD/OC Tests Diff,SD Cases 7d,OC Cases 7d,SD/OC Cases Diff,SD Case Pos Rate 7d,OC Case Pos Rate 7d,SD/OC Case Pos Diff
2020-05-13,65.4,119.8,4.7,3.4,(Blank),SD Tests 7d,OC Tests 7d,SD/OC Tests Diff,SD Cases 7d,OC Cases 7d,SD/OC Cases Diff,SD Case Pos Rate 7d,OC Case Pos Rate 7d,SD/OC Case Pos Diff
2020-05-12,66.2,106.1,1.7,3.5,(Blank),SD Tests 7d,OC Tests 7d,SD/OC Tests Diff,SD Cases 7d,OC Cases 7d,SD/OC Cases Diff,SD Case Pos Rate 7d,OC Case Pos Rate 7d,SD/OC Case Pos Diff
2020-05-11,51.4,73.1,1.6,2.9,(Blank),SD Tests 7d,OC Tests 7d,SD/OC Tests Diff,SD Cases 7d,OC Cases 7d,SD/OC Cases Diff,SD Case Pos Rate 7d,OC Case Pos Rate 7d,SD/OC Case Pos Diff
2020-05-10,49.0,79.0,3.6,4.2,(Blank),SD Tests 7d,OC Tests 7d,SD/OC Tests Diff,SD Cases 7d,OC Cases 7d,SD/OC Cases Diff,SD Case Pos Rate 7d,OC Case Pos Rate 7d,SD/OC Case Pos Diff
2020-05-09,52.6,103.1,4.4,4.5,(Blank),SD Tests 7d,OC Tests 7d,SD/OC Tests Diff,SD Cases 7d,OC Cases 7d,SD/OC Cases Diff,SD Case Pos Rate 7d,OC Case Pos Rate 7d,SD/OC Case Pos Diff
2020-05-08,63.7,101.9,4.3,3.4,(Blank),SD Tests 7d,OC Tests 7d,SD/OC Tests Diff,SD Cases 7d,OC Cases 7d,SD/OC Cases Diff,SD Case Pos Rate 7d,OC Case Pos Rate 7d,SD/OC Case Pos Diff
2020-05-07,55.4,107.0,2.6,7.0,(Blank),SD Tests 7d,OC Tests 7d,SD/OC Tests Diff,SD Cases 7d,OC Cases 7d,SD/OC Cases Diff,SD Case Pos Rate 7d,OC Case Pos Rate 7d,SD/OC Case Pos Diff
2020-05-06,68.1,99.6,3.8,3.3,(Blank),SD Tests 7d,OC Tests 7d,SD/OC Tests Diff,SD Cases 7d,OC Cases 7d,SD/OC Cases Diff,SD Case Pos Rate 7d,OC Case Pos Rate 7d,SD/OC Case Pos Diff
2020-05-05,67.7,67.7,2.0,4.8,(Blank),SD Tests 7d,OC Tests 7d,SD/OC Tests Diff,SD Cases 7d,OC Cases 7d,SD/OC Cases Diff,SD Case Pos Rate 7d,OC Case Pos Rate 7d,SD/OC Case Pos Diff
2020-05-04,56.1,69.1,2.6,4.2,(Blank),SD Tests 7d,OC Tests 7d,SD/OC Tests Diff,SD Cases 7d,OC Cases 7d,SD/OC Cases Diff,SD Case Pos Rate 7d,OC Case Pos Rate 7d,SD/OC Case Pos Diff
2020-05-03,45.3,38.7,3.2,2.8,(Blank),SD Tests 7d,OC Tests 7d,SD/OC Tests Diff,SD Cases 7d,OC Cases 7d,SD/OC Cases Diff,SD Case Pos Rate 7d,OC Case Pos Rate 7d,SD/OC Case Pos Diff
2020-05-02,51.1,68.2,2.8,2.5,(Blank),SD Tests 7d,OC Tests 7d,SD/OC Tests Diff,SD Cases 7d,OC Cases 7d,SD/OC Cases Diff,SD Case Pos Rate 7d,OC Case Pos Rate 7d,SD/OC Case Pos Diff
2020-05-01,64.2,72.0,4.6,3.9,(Blank),SD Tests 7d,OC Tests 7d,SD/OC Tests Diff,SD Cases 7d,OC Cases 7d,SD/OC Cases Diff,SD Case Pos Rate 7d,OC Case Pos Rate 7d,SD/OC Case Pos Diff
2020-04-30,47.8,78.6,3.8,4.4,(Blank),SD Tests 7d,OC Tests 7d,SD/OC Tests Diff,SD Cases 7d,OC Cases 7d,SD/OC Cases Diff,SD Case Pos Rate 7d,OC Case Pos Rate 7d,SD/OC Case Pos Diff
2020-04-29,50.0,69.0,3.1,4.0,(Blank),SD Tests 7d,OC Tests 7d,SD/OC Tests Diff,SD Cases 7d,OC Cases 7d,SD/OC Cases Diff,SD Case Pos Rate 7d,OC Case Pos Rate 7d,SD/OC Case Pos Diff
2020-04-28,41.6,58.9,1.0,3.5,(Blank),SD Tests 7d,OC Tests 7d,SD/OC Tests Diff,SD Cases 7d,OC Cases 7d,SD/OC Cases Diff,SD Case Pos Rate 7d,OC Case Pos Rate 7d,SD/OC Case Pos Diff
2020-04-27,32.6,76.2,1.5,5.2,(Blank),SD Tests 7d,OC Tests 7d,SD/OC Tests Diff,SD Cases 7d,OC Cases 7d,SD/OC Cases Diff,SD Case Pos Rate 7d,OC Case Pos Rate 7d,SD/OC Case Pos Diff
2020-04-26,36.0,24.7,3.0,2.9,(Blank),SD Tests 7d,OC Tests 7d,SD/OC Tests Diff,SD Cases 7d,OC Cases 7d,SD/OC Cases Diff,SD Case Pos Rate 7d,OC Case Pos Rate 7d,SD/OC Case Pos Diff
2020-04-25,37.2,38.9,3.7,3.0,(Blank),SD Tests 7d,OC Tests 7d,SD/OC Tests Diff,SD Cases 7d,OC Cases 7d,SD/OC Cases Diff,SD Case Pos Rate 7d,OC Case Pos Rate 7d,SD/OC Case Pos Diff
2020-04-24,42.8,54.7,0.9,3.5,(Blank),SD Tests 7d,OC Tests 7d,SD/OC Tests Diff,SD Cases 7d,OC Cases 7d,SD/OC Cases Diff,SD Case Pos Rate 7d,OC Case Pos Rate 7d,SD/OC Case Pos Diff
2020-04-23,38.7,93.5,2.1,5.5,(Blank),SD Tests 7d,OC Tests 7d,SD/OC Tests Diff,SD Cases 7d,OC Cases 7d,SD/OC Cases Diff,SD Case Pos Rate 7d,OC Case Pos Rate 7d,SD/OC Case Pos Diff
2020-04-22,41.6,67.5,2.0,4.6,(Blank),SD Tests 7d,OC Tests 7d,SD/OC Tests Diff,SD Cases 7d,OC Cases 7d,SD/OC Cases Diff,SD Case Pos Rate 7d,OC Case Pos Rate 7d,SD/OC Case Pos Diff
2020-04-21,35.5,45.4,0.7,1.7,(Blank),SD Tests 7d,OC Tests 7d,SD/OC Tests Diff,SD Cases 7d,OC Cases 7d,SD/OC Cases Diff,SD Case Pos Rate 7d,OC Case Pos Rate 7d,SD/OC Case Pos Diff
2020-04-20,23.1,30.4,1.1,3.3,(Blank),SD Tests 7d,OC Tests 7d,SD/OC Tests Diff,SD Cases 7d,OC Cases 7d,SD/OC Cases Diff,SD Case Pos Rate 7d,OC Case Pos Rate 7d,SD/OC Case Pos Diff
2020-04-19,24.5,39.2,2.1,1.7,(Blank),SD Tests 7d,OC Tests 7d,SD/OC Tests Diff,SD Cases 7d,OC Cases 7d,SD/OC Cases Diff,SD Case Pos Rate 7d,OC Case Pos Rate 7d,SD/OC Case Pos Diff
2020-04-18,27.6,28.6,1.7,1.6,(Blank),SD Tests 7d,OC Tests 7d,SD/OC Tests Diff,SD Cases 7d,OC Cases 7d,SD/OC Cases Diff,SD Case Pos Rate 7d,OC Case Pos Rate 7d,SD/OC Case Pos Diff
2020-04-17,32.2,41.7,2.2,1.6,(Blank),SD Tests 7d,OC Tests 7d,SD/OC Tests Diff,SD Cases 7d,OC Cases 7d,SD/OC Cases Diff,SD Case Pos Rate 7d,OC Case Pos Rate 7d,SD/OC Case Pos Diff
2020-04-16,33.5,33.4,1.6,2.1,(Blank),SD Tests 7d,OC Tests 7d,SD/OC Tests Diff,SD Cases 7d,OC Cases 7d,SD/OC Cases Diff,SD Case Pos Rate 7d,OC Case Pos Rate 7d,SD/OC Case Pos Diff
2020-04-15,31.3,37.4,2.6,2.2,(Blank),SD Tests 7d,OC Tests 7d,SD/OC Tests Diff,SD Cases 7d,OC Cases 7d,SD/OC Cases Diff,SD Case Pos Rate 7d,OC Case Pos Rate 7d,SD/OC Case Pos Diff
2020-04-14,23.4,25.0,0.7,2.5,(Blank),SD Tests 7d,OC Tests 7d,SD/OC Tests Diff,SD Cases 7d,OC Cases 7d,SD/OC Cases Diff,SD Case Pos Rate 7d,OC Case Pos Rate 7d,SD/OC Case Pos Diff
2020-04-13,15.3,27.5,0.2,2.5,(Blank),SD Tests 7d,OC Tests 7d,SD/OC Tests Diff,SD Cases 7d,OC Cases 7d,SD/OC Cases Diff,SD Case Pos Rate 7d,OC Case Pos Rate 7d,SD/OC Case Pos Diff
2020-04-12,18.8,26.9,1.5,1.3,(Blank),SD Tests 7d,OC Tests 7d,SD/OC Tests Diff,SD Cases 7d,OC Cases 7d,SD/OC Cases Diff,SD Case Pos Rate 7d,OC Case Pos Rate 7d,SD/OC Case Pos Diff
2020-04-11,27.9,24.1,2.5,1.3,(Blank),SD Tests 7d,OC Tests 7d,SD/OC Tests Diff,SD Cases 7d,OC Cases 7d,SD/OC Cases Diff,SD Case Pos Rate 7d,OC Case Pos Rate 7d,SD/OC Case Pos Diff
2020-04-10,29.5,32.3,1.8,2.0,(Blank),SD Tests 7d,OC Tests 7d,SD/OC Tests Diff,SD Cases 7d,OC Cases 7d,SD/OC Cases Diff,SD Case Pos Rate 7d,OC Case Pos Rate 7d,SD/OC Case Pos Diff
2020-04-09,23.7,37.6,2.0,1.9,(Blank),SD Tests 7d,OC Tests 7d,SD/OC Tests Diff,SD Cases 7d,OC Cases 7d,SD/OC Cases Diff,SD Case Pos Rate 7d,OC Case Pos Rate 7d,SD/OC Case Pos Diff
2020-04-08,30.1,27.6,2.8,2.9,(Blank),SD Tests 7d,OC Tests 7d,SD/OC Tests Diff,SD Cases 7d,OC Cases 7d,SD/OC Cases Diff,SD Case Pos Rate 7d,OC Case Pos Rate 7d,SD/OC Case Pos Diff
2020-04-07,23.4,25.2,1.2,2.3,(Blank),SD Tests 7d,OC Tests 7d,SD/OC Tests Diff,SD Cases 7d,OC Cases 7d,SD/OC Cases Diff,SD Case Pos Rate 7d,OC Case Pos Rate 7d,SD/OC Case Pos Diff
2020-04-06,15.8,55.3,1.5,1.5,(Blank),SD Tests 7d,OC Tests 7d,SD/OC Tests Diff,SD Cases 7d,OC Cases 7d,SD/OC Cases Diff,SD Case Pos Rate 7d,OC Case Pos Rate 7d,SD/OC Case Pos Diff
2020-04-05,19.5,24.8,1.5,2.3,(Blank),SD Tests 7d,OC Tests 7d,SD/OC Tests Diff,SD Cases 7d,OC Cases 7d,SD/OC Cases Diff,SD Case Pos Rate 7d,OC Case Pos Rate 7d,SD/OC Case Pos Diff
2020-04-04,22.7,24.2,2.2,3.5,(Blank),SD Tests 7d,OC Tests 7d,SD/OC Tests Diff,SD Cases 7d,OC Cases 7d,SD/OC Cases Diff,SD Case Pos Rate 7d,OC Case Pos Rate 7d,SD/OC Case Pos Diff
2020-04-03,27.7,30.7,1.7,2.9,(Blank),SD Tests 7d,OC Tests 7d,SD/OC Tests Diff,SD Cases 7d,OC Cases 7d,SD/OC Cases Diff,SD Case Pos Rate 7d,OC Case Pos Rate 7d,SD/OC Case Pos Diff
2020-04-02,36.5,56.4,1.7,4.4,(Blank),SD Tests 7d,OC Tests 7d,SD/OC Tests Diff,SD Cases 7d,OC Cases 7d,SD/OC Cases Diff,SD Case Pos Rate 7d,OC Case Pos Rate 7d,SD/OC Case Pos Diff
2020-04-01,33.5,78.1,3.2,3.5,(Blank),SD Tests 7d,OC Tests 7d,SD/OC Tests Diff,SD Cases 7d,OC Cases 7d,SD/OC Cases Diff,SD Case Pos Rate 7d,OC Case Pos Rate 7d,SD/OC Case Pos Diff
